attendance_id,member_name,date,day_of_week,month,year
1,Rahul Sharma,2026-05-31,Sunday,May,2026
2,Paramjeet Sangwan,2026-05-31,Sunday,May,2026
4,Amit Kumar,2026-05-03,Sunday,May,2026
11,Amit Kumar,2026-05-04,Monday,May,2026
8,Amit Kumar,2026-05-06,Wednesday,May,2026
7,Amit Kumar,2026-05-07,Thursday,May,2026
14,Amit Kumar,2026-05-08,Friday,May,2026
17,Amit Kumar,2026-05-10,Sunday,May,2026
3,Amit Kumar,2026-05-12,Tuesday,May,2026
9,Amit Kumar,2026-05-13,Wednesday,May,2026
18,Amit Kumar,2026-05-15,Friday,May,2026
5,Amit Kumar,2026-05-17,Sunday,May,2026
15,Amit Kumar,2026-05-22,Friday,May,2026
16,Amit Kumar,2026-05-25,Monday,May,2026
6,Amit Kumar,2026-05-27,Wednesday,May,2026
10,Amit Kumar,2026-05-28,Thursday,May,2026
12,Amit Kumar,2026-05-31,Sunday,May,2026
13,Amit Kumar,2026-06-01,Monday,June,2026
27,Priya Sharma,2026-05-03,Sunday,May,2026
20,Priya Sharma,2026-05-04,Monday,May,2026
30,Priya Sharma,2026-05-07,Thursday,May,2026
21,Priya Sharma,2026-05-08,Friday,May,2026
29,Priya Sharma,2026-05-12,Tuesday,May,2026
28,Priya Sharma,2026-05-13,Wednesday,May,2026
25,Priya Sharma,2026-05-16,Saturday,May,2026
19,Priya Sharma,2026-05-18,Monday,May,2026
24,Priya Sharma,2026-05-21,Thursday,May,2026
23,Priya Sharma,2026-05-22,Friday,May,2026
32,Priya Sharma,2026-05-27,Wednesday,May,2026
31,Priya Sharma,2026-05-30,Saturday,May,2026
26,Priya Sharma,2026-05-31,Sunday,May,2026
22,Priya Sharma,2026-06-01,Monday,June,2026
41,Rohit Singh,2026-05-04,Monday,May,2026
33,Rohit Singh,2026-05-06,Wednesday,May,2026
44,Rohit Singh,2026-05-09,Saturday,May,2026
43,Rohit Singh,2026-05-17,Sunday,May,2026
45,Rohit Singh,2026-05-18,Monday,May,2026
40,Rohit Singh,2026-05-20,Wednesday,May,2026
42,Rohit Singh,2026-05-21,Thursday,May,2026
36,Rohit Singh,2026-05-23,Saturday,May,2026
37,Rohit Singh,2026-05-25,Monday,May,2026
34,Rohit Singh,2026-05-28,Thursday,May,2026
39,Rohit Singh,2026-05-29,Friday,May,2026
35,Rohit Singh,2026-05-30,Saturday,May,2026
38,Rohit Singh,2026-05-31,Sunday,May,2026
50,Neha Gupta,2026-05-03,Sunday,May,2026
48,Neha Gupta,2026-05-05,Tuesday,May,2026
53,Neha Gupta,2026-05-06,Wednesday,May,2026
55,Neha Gupta,2026-05-07,Thursday,May,2026
49,Neha Gupta,2026-05-08,Friday,May,2026
47,Neha Gupta,2026-05-09,Saturday,May,2026
58,Neha Gupta,2026-05-10,Sunday,May,2026
61,Neha Gupta,2026-05-12,Tuesday,May,2026
56,Neha Gupta,2026-05-13,Wednesday,May,2026
54,Neha Gupta,2026-05-14,Thursday,May,2026
65,Neha Gupta,2026-05-15,Friday,May,2026
64,Neha Gupta,2026-05-18,Monday,May,2026
62,Neha Gupta,2026-05-19,Tuesday,May,2026
52,Neha Gupta,2026-05-21,Thursday,May,2026
51,Neha Gupta,2026-05-22,Friday,May,2026
60,Neha Gupta,2026-05-26,Tuesday,May,2026
46,Neha Gupta,2026-05-27,Wednesday,May,2026
63,Neha Gupta,2026-05-28,Thursday,May,2026
57,Neha Gupta,2026-05-29,Friday,May,2026
59,Neha Gupta,2026-05-31,Sunday,May,2026
67,Vikash Yadav,2026-05-03,Sunday,May,2026
71,Vikash Yadav,2026-05-06,Wednesday,May,2026
66,Vikash Yadav,2026-05-15,Friday,May,2026
70,Vikash Yadav,2026-05-22,Friday,May,2026
68,Vikash Yadav,2026-05-29,Friday,May,2026
69,Vikash Yadav,2026-05-31,Sunday,May,2026
76,Pooja Verma,2026-05-08,Friday,May,2026
72,Pooja Verma,2026-05-21,Thursday,May,2026
77,Pooja Verma,2026-05-24,Sunday,May,2026
73,Pooja Verma,2026-05-27,Wednesday,May,2026
75,Pooja Verma,2026-05-28,Thursday,May,2026
78,Pooja Verma,2026-05-29,Friday,May,2026
74,Pooja Verma,2026-05-31,Sunday,May,2026
80,Rahul Mishra,2026-05-03,Sunday,May,2026
90,Rahul Mishra,2026-05-07,Thursday,May,2026
83,Rahul Mishra,2026-05-09,Saturday,May,2026
79,Rahul Mishra,2026-05-10,Sunday,May,2026
85,Rahul Mishra,2026-05-11,Monday,May,2026
84,Rahul Mishra,2026-05-15,Friday,May,2026
81,Rahul Mishra,2026-05-17,Sunday,May,2026
87,Rahul Mishra,2026-05-19,Tuesday,May,2026
82,Rahul Mishra,2026-05-20,Wednesday,May,2026
86,Rahul Mishra,2026-05-27,Wednesday,May,2026
88,Rahul Mishra,2026-05-28,Thursday,May,2026
89,Rahul Mishra,2026-05-31,Sunday,May,2026
97,Anjali Joshi,2026-05-07,Thursday,May,2026
96,Anjali Joshi,2026-05-08,Friday,May,2026
95,Anjali Joshi,2026-05-21,Thursday,May,2026
94,Anjali Joshi,2026-05-22,Friday,May,2026
93,Anjali Joshi,2026-05-28,Thursday,May,2026
91,Anjali Joshi,2026-05-29,Friday,May,2026
92,Anjali Joshi,2026-06-01,Monday,June,2026
98,Deepak Tiwari,2026-05-03,Sunday,May,2026
103,Deepak Tiwari,2026-05-05,Tuesday,May,2026
104,Deepak Tiwari,2026-05-10,Sunday,May,2026
99,Deepak Tiwari,2026-05-19,Tuesday,May,2026
101,Deepak Tiwari,2026-05-22,Friday,May,2026
100,Deepak Tiwari,2026-05-27,Wednesday,May,2026
102,Deepak Tiwari,2026-05-31,Sunday,May,2026
115,Sunita Patel,2026-05-03,Sunday,May,2026
108,Sunita Patel,2026-05-04,Monday,May,2026
105,Sunita Patel,2026-05-06,Wednesday,May,2026
116,Sunita Patel,2026-05-08,Friday,May,2026
110,Sunita Patel,2026-05-13,Wednesday,May,2026
112,Sunita Patel,2026-05-14,Thursday,May,2026
113,Sunita Patel,2026-05-18,Monday,May,2026
107,Sunita Patel,2026-05-19,Tuesday,May,2026
109,Sunita Patel,2026-05-20,Wednesday,May,2026
111,Sunita Patel,2026-05-25,Monday,May,2026
114,Sunita Patel,2026-05-29,Friday,May,2026
106,Sunita Patel,2026-06-01,Monday,June,2026
117,Manish Dubey,2026-05-04,Monday,May,2026
129,Manish Dubey,2026-05-05,Tuesday,May,2026
123,Manish Dubey,2026-05-07,Thursday,May,2026
118,Manish Dubey,2026-05-10,Sunday,May,2026
122,Manish Dubey,2026-05-14,Thursday,May,2026
130,Manish Dubey,2026-05-16,Saturday,May,2026
120,Manish Dubey,2026-05-17,Sunday,May,2026
125,Manish Dubey,2026-05-20,Wednesday,May,2026
127,Manish Dubey,2026-05-22,Friday,May,2026
121,Manish Dubey,2026-05-26,Tuesday,May,2026
119,Manish Dubey,2026-05-27,Wednesday,May,2026
126,Manish Dubey,2026-05-28,Thursday,May,2026
124,Manish Dubey,2026-05-29,Friday,May,2026
128,Manish Dubey,2026-06-01,Monday,June,2026
138,Kavita Singh,2026-05-03,Sunday,May,2026
144,Kavita Singh,2026-05-06,Wednesday,May,2026
132,Kavita Singh,2026-05-08,Friday,May,2026
137,Kavita Singh,2026-05-11,Monday,May,2026
143,Kavita Singh,2026-05-12,Tuesday,May,2026
131,Kavita Singh,2026-05-14,Thursday,May,2026
134,Kavita Singh,2026-05-15,Friday,May,2026
140,Kavita Singh,2026-05-18,Monday,May,2026
142,Kavita Singh,2026-05-23,Saturday,May,2026
136,Kavita Singh,2026-05-25,Monday,May,2026
141,Kavita Singh,2026-05-26,Tuesday,May,2026
133,Kavita Singh,2026-05-27,Wednesday,May,2026
139,Kavita Singh,2026-05-28,Thursday,May,2026
135,Kavita Singh,2026-05-29,Friday,May,2026
151,Rajesh Pandey,2026-05-03,Sunday,May,2026
149,Rajesh Pandey,2026-05-04,Monday,May,2026
156,Rajesh Pandey,2026-05-05,Tuesday,May,2026
162,Rajesh Pandey,2026-05-06,Wednesday,May,2026
147,Rajesh Pandey,2026-05-07,Thursday,May,2026
159,Rajesh Pandey,2026-05-09,Saturday,May,2026
152,Rajesh Pandey,2026-05-10,Sunday,May,2026
160,Rajesh Pandey,2026-05-11,Monday,May,2026
148,Rajesh Pandey,2026-05-13,Wednesday,May,2026
155,Rajesh Pandey,2026-05-14,Thursday,May,2026
161,Rajesh Pandey,2026-05-15,Friday,May,2026
154,Rajesh Pandey,2026-05-18,Monday,May,2026
145,Rajesh Pandey,2026-05-20,Wednesday,May,2026
165,Rajesh Pandey,2026-05-21,Thursday,May,2026
157,Rajesh Pandey,2026-05-22,Friday,May,2026
150,Rajesh Pandey,2026-05-23,Saturday,May,2026
164,Rajesh Pandey,2026-05-24,Sunday,May,2026
153,Rajesh Pandey,2026-05-25,Monday,May,2026
146,Rajesh Pandey,2026-05-28,Thursday,May,2026
163,Rajesh Pandey,2026-05-30,Saturday,May,2026
158,Rajesh Pandey,2026-06-01,Monday,June,2026
167,Suman Rai,2026-05-18,Monday,May,2026
168,Suman Rai,2026-05-21,Thursday,May,2026
169,Suman Rai,2026-05-22,Friday,May,2026
171,Suman Rai,2026-05-26,Tuesday,May,2026
170,Suman Rai,2026-05-29,Friday,May,2026
166,Suman Rai,2026-05-31,Sunday,May,2026
173,Arun Saxena,2026-05-03,Sunday,May,2026
182,Arun Saxena,2026-05-10,Sunday,May,2026
178,Arun Saxena,2026-05-12,Tuesday,May,2026
176,Arun Saxena,2026-05-13,Wednesday,May,2026
177,Arun Saxena,2026-05-14,Thursday,May,2026
179,Arun Saxena,2026-05-19,Tuesday,May,2026
172,Arun Saxena,2026-05-20,Wednesday,May,2026
181,Arun Saxena,2026-05-23,Saturday,May,2026
175,Arun Saxena,2026-05-25,Monday,May,2026
180,Arun Saxena,2026-05-28,Thursday,May,2026
174,Arun Saxena,2026-05-29,Friday,May,2026
187,Meena Chauhan,2026-05-10,Sunday,May,2026
188,Meena Chauhan,2026-05-13,Wednesday,May,2026
184,Meena Chauhan,2026-05-14,Thursday,May,2026
185,Meena Chauhan,2026-05-17,Sunday,May,2026
189,Meena Chauhan,2026-05-21,Thursday,May,2026
186,Meena Chauhan,2026-05-23,Saturday,May,2026
190,Meena Chauhan,2026-05-28,Thursday,May,2026
183,Meena Chauhan,2026-05-29,Friday,May,2026
192,Suresh Lodhi,2026-05-03,Sunday,May,2026
194,Suresh Lodhi,2026-05-05,Tuesday,May,2026
193,Suresh Lodhi,2026-05-07,Thursday,May,2026
198,Suresh Lodhi,2026-05-08,Friday,May,2026
197,Suresh Lodhi,2026-05-09,Saturday,May,2026
196,Suresh Lodhi,2026-05-12,Tuesday,May,2026
201,Suresh Lodhi,2026-05-14,Thursday,May,2026
203,Suresh Lodhi,2026-05-17,Sunday,May,2026
199,Suresh Lodhi,2026-05-19,Tuesday,May,2026
195,Suresh Lodhi,2026-05-22,Friday,May,2026
202,Suresh Lodhi,2026-05-24,Sunday,May,2026
191,Suresh Lodhi,2026-05-25,Monday,May,2026
200,Suresh Lodhi,2026-05-29,Friday,May,2026
209,Rekha Bhatt,2026-05-03,Sunday,May,2026
217,Rekha Bhatt,2026-05-04,Monday,May,2026
216,Rekha Bhatt,2026-05-05,Tuesday,May,2026
222,Rekha Bhatt,2026-05-07,Thursday,May,2026
214,Rekha Bhatt,2026-05-08,Friday,May,2026
221,Rekha Bhatt,2026-05-09,Saturday,May,2026
205,Rekha Bhatt,2026-05-11,Monday,May,2026
206,Rekha Bhatt,2026-05-14,Thursday,May,2026
213,Rekha Bhatt,2026-05-16,Saturday,May,2026
212,Rekha Bhatt,2026-05-17,Sunday,May,2026
218,Rekha Bhatt,2026-05-18,Monday,May,2026
211,Rekha Bhatt,2026-05-20,Wednesday,May,2026
204,Rekha Bhatt,2026-05-21,Thursday,May,2026
215,Rekha Bhatt,2026-05-22,Friday,May,2026
219,Rekha Bhatt,2026-05-23,Saturday,May,2026
210,Rekha Bhatt,2026-05-24,Sunday,May,2026
220,Rekha Bhatt,2026-05-27,Wednesday,May,2026
208,Rekha Bhatt,2026-05-28,Thursday,May,2026
207,Rekha Bhatt,2026-05-29,Friday,May,2026
223,Vinod Jain,2026-05-11,Monday,May,2026
225,Vinod Jain,2026-05-16,Saturday,May,2026
224,Vinod Jain,2026-05-21,Thursday,May,2026
227,Vinod Jain,2026-05-22,Friday,May,2026
226,Vinod Jain,2026-05-27,Wednesday,May,2026
242,Seema Tomar,2026-05-03,Sunday,May,2026
231,Seema Tomar,2026-05-05,Tuesday,May,2026
235,Seema Tomar,2026-05-08,Friday,May,2026
244,Seema Tomar,2026-05-11,Monday,May,2026
243,Seema Tomar,2026-05-12,Tuesday,May,2026
233,Seema Tomar,2026-05-13,Wednesday,May,2026
236,Seema Tomar,2026-05-14,Thursday,May,2026
241,Seema Tomar,2026-05-18,Monday,May,2026
228,Seema Tomar,2026-05-19,Tuesday,May,2026
240,Seema Tomar,2026-05-20,Wednesday,May,2026
232,Seema Tomar,2026-05-25,Monday,May,2026
229,Seema Tomar,2026-05-26,Tuesday,May,2026
230,Seema Tomar,2026-05-27,Wednesday,May,2026
234,Seema Tomar,2026-05-28,Thursday,May,2026
237,Seema Tomar,2026-05-29,Friday,May,2026
238,Seema Tomar,2026-05-30,Saturday,May,2026
239,Seema Tomar,2026-05-31,Sunday,May,2026
249,Naveen Garg,2026-05-04,Monday,May,2026
245,Naveen Garg,2026-05-08,Friday,May,2026
248,Naveen Garg,2026-05-11,Monday,May,2026
246,Naveen Garg,2026-05-28,Thursday,May,2026
247,Naveen Garg,2026-06-01,Monday,June,2026
257,Geeta Chaudhary,2026-05-03,Sunday,May,2026
254,Geeta Chaudhary,2026-05-08,Friday,May,2026
258,Geeta Chaudhary,2026-05-10,Sunday,May,2026
256,Geeta Chaudhary,2026-05-12,Tuesday,May,2026
250,Geeta Chaudhary,2026-05-13,Wednesday,May,2026
251,Geeta Chaudhary,2026-05-16,Saturday,May,2026
253,Geeta Chaudhary,2026-05-17,Sunday,May,2026
259,Geeta Chaudhary,2026-05-19,Tuesday,May,2026
260,Geeta Chaudhary,2026-05-20,Wednesday,May,2026
255,Geeta Chaudhary,2026-05-24,Sunday,May,2026
252,Geeta Chaudhary,2026-05-26,Tuesday,May,2026
272,Pankaj Arora,2026-05-03,Sunday,May,2026
273,Pankaj Arora,2026-05-04,Monday,May,2026
261,Pankaj Arora,2026-05-05,Tuesday,May,2026
269,Pankaj Arora,2026-05-07,Thursday,May,2026
276,Pankaj Arora,2026-05-09,Saturday,May,2026
263,Pankaj Arora,2026-05-10,Sunday,May,2026
265,Pankaj Arora,2026-05-11,Monday,May,2026
268,Pankaj Arora,2026-05-12,Tuesday,May,2026
274,Pankaj Arora,2026-05-14,Thursday,May,2026
277,Pankaj Arora,2026-05-15,Friday,May,2026
266,Pankaj Arora,2026-05-18,Monday,May,2026
275,Pankaj Arora,2026-05-19,Tuesday,May,2026
262,Pankaj Arora,2026-05-20,Wednesday,May,2026
270,Pankaj Arora,2026-05-21,Thursday,May,2026
267,Pankaj Arora,2026-05-25,Monday,May,2026
271,Pankaj Arora,2026-05-30,Saturday,May,2026
264,Pankaj Arora,2026-05-31,Sunday,May,2026
286,Ritu Bajaj,2026-05-04,Monday,May,2026
283,Ritu Bajaj,2026-05-05,Tuesday,May,2026
279,Ritu Bajaj,2026-05-10,Sunday,May,2026
287,Ritu Bajaj,2026-05-11,Monday,May,2026
284,Ritu Bajaj,2026-05-21,Thursday,May,2026
282,Ritu Bajaj,2026-05-23,Saturday,May,2026
278,Ritu Bajaj,2026-05-28,Thursday,May,2026
281,Ritu Bajaj,2026-05-29,Friday,May,2026
280,Ritu Bajaj,2026-05-31,Sunday,May,2026
285,Ritu Bajaj,2026-06-01,Monday,June,2026
289,Ashok Kapoor,2026-05-03,Sunday,May,2026
292,Ashok Kapoor,2026-05-10,Sunday,May,2026
290,Ashok Kapoor,2026-05-18,Monday,May,2026
291,Ashok Kapoor,2026-05-29,Friday,May,2026
288,Ashok Kapoor,2026-05-31,Sunday,May,2026
299,Amit Kumar,2026-05-04,Monday,May,2026
298,Amit Kumar,2026-05-05,Tuesday,May,2026
305,Amit Kumar,2026-05-06,Wednesday,May,2026
308,Amit Kumar,2026-05-07,Thursday,May,2026
307,Amit Kumar,2026-05-08,Friday,May,2026
296,Amit Kumar,2026-05-10,Sunday,May,2026
294,Amit Kumar,2026-05-14,Thursday,May,2026
297,Amit Kumar,2026-05-15,Friday,May,2026
303,Amit Kumar,2026-05-16,Saturday,May,2026
300,Amit Kumar,2026-05-17,Sunday,May,2026
306,Amit Kumar,2026-05-18,Monday,May,2026
301,Amit Kumar,2026-05-19,Tuesday,May,2026
304,Amit Kumar,2026-05-20,Wednesday,May,2026
293,Amit Kumar,2026-05-24,Sunday,May,2026
295,Amit Kumar,2026-05-28,Thursday,May,2026
302,Amit Kumar,2026-06-02,Tuesday,June,2026
321,Priya Sharma,2026-05-04,Monday,May,2026
316,Priya Sharma,2026-05-06,Wednesday,May,2026
320,Priya Sharma,2026-05-08,Friday,May,2026
317,Priya Sharma,2026-05-10,Sunday,May,2026
311,Priya Sharma,2026-05-13,Wednesday,May,2026
309,Priya Sharma,2026-05-15,Friday,May,2026
315,Priya Sharma,2026-05-20,Wednesday,May,2026
322,Priya Sharma,2026-05-21,Thursday,May,2026
313,Priya Sharma,2026-05-23,Saturday,May,2026
312,Priya Sharma,2026-05-24,Sunday,May,2026
314,Priya Sharma,2026-05-26,Tuesday,May,2026
310,Priya Sharma,2026-05-27,Wednesday,May,2026
319,Priya Sharma,2026-05-28,Thursday,May,2026
318,Priya Sharma,2026-06-02,Tuesday,June,2026
327,Rohit Singh,2026-05-04,Monday,May,2026
324,Rohit Singh,2026-05-07,Thursday,May,2026
325,Rohit Singh,2026-05-08,Friday,May,2026
330,Rohit Singh,2026-05-12,Tuesday,May,2026
331,Rohit Singh,2026-05-13,Wednesday,May,2026
333,Rohit Singh,2026-05-14,Thursday,May,2026
336,Rohit Singh,2026-05-15,Friday,May,2026
332,Rohit Singh,2026-05-16,Saturday,May,2026
334,Rohit Singh,2026-05-19,Tuesday,May,2026
337,Rohit Singh,2026-05-20,Wednesday,May,2026
340,Rohit Singh,2026-05-21,Thursday,May,2026
338,Rohit Singh,2026-05-22,Friday,May,2026
328,Rohit Singh,2026-05-24,Sunday,May,2026
335,Rohit Singh,2026-05-25,Monday,May,2026
339,Rohit Singh,2026-05-27,Wednesday,May,2026
329,Rohit Singh,2026-05-29,Friday,May,2026
326,Rohit Singh,2026-05-30,Saturday,May,2026
323,Rohit Singh,2026-05-31,Sunday,May,2026
349,Neha Gupta,2026-05-04,Monday,May,2026
346,Neha Gupta,2026-05-07,Thursday,May,2026
345,Neha Gupta,2026-05-10,Sunday,May,2026
342,Neha Gupta,2026-05-11,Monday,May,2026
347,Neha Gupta,2026-05-16,Saturday,May,2026
344,Neha Gupta,2026-05-25,Monday,May,2026
341,Neha Gupta,2026-05-26,Tuesday,May,2026
343,Neha Gupta,2026-05-27,Wednesday,May,2026
350,Neha Gupta,2026-05-29,Friday,May,2026
348,Neha Gupta,2026-06-02,Tuesday,June,2026
357,Vikash Yadav,2026-05-04,Monday,May,2026
354,Vikash Yadav,2026-05-08,Friday,May,2026
353,Vikash Yadav,2026-05-11,Monday,May,2026
356,Vikash Yadav,2026-05-12,Tuesday,May,2026
351,Vikash Yadav,2026-05-14,Thursday,May,2026
365,Vikash Yadav,2026-05-15,Friday,May,2026
359,Vikash Yadav,2026-05-17,Sunday,May,2026
364,Vikash Yadav,2026-05-18,Monday,May,2026
352,Vikash Yadav,2026-05-22,Friday,May,2026
362,Vikash Yadav,2026-05-23,Saturday,May,2026
366,Vikash Yadav,2026-05-27,Wednesday,May,2026
360,Vikash Yadav,2026-05-28,Thursday,May,2026
363,Vikash Yadav,2026-05-29,Friday,May,2026
355,Vikash Yadav,2026-05-31,Sunday,May,2026
361,Vikash Yadav,2026-06-01,Monday,June,2026
358,Vikash Yadav,2026-06-02,Tuesday,June,2026
378,Pooja Verma,2026-05-04,Monday,May,2026
372,Pooja Verma,2026-05-07,Thursday,May,2026
380,Pooja Verma,2026-05-08,Friday,May,2026
374,Pooja Verma,2026-05-10,Sunday,May,2026
373,Pooja Verma,2026-05-12,Tuesday,May,2026
375,Pooja Verma,2026-05-13,Wednesday,May,2026
376,Pooja Verma,2026-05-15,Friday,May,2026
370,Pooja Verma,2026-05-17,Sunday,May,2026
381,Pooja Verma,2026-05-18,Monday,May,2026
377,Pooja Verma,2026-05-19,Tuesday,May,2026
368,Pooja Verma,2026-05-20,Wednesday,May,2026
369,Pooja Verma,2026-05-24,Sunday,May,2026
371,Pooja Verma,2026-05-26,Tuesday,May,2026
367,Pooja Verma,2026-05-30,Saturday,May,2026
379,Pooja Verma,2026-06-01,Monday,June,2026
386,Rahul Mishra,2026-05-06,Wednesday,May,2026
391,Rahul Mishra,2026-05-07,Thursday,May,2026
393,Rahul Mishra,2026-05-08,Friday,May,2026
392,Rahul Mishra,2026-05-11,Monday,May,2026
387,Rahul Mishra,2026-05-12,Tuesday,May,2026
384,Rahul Mishra,2026-05-15,Friday,May,2026
390,Rahul Mishra,2026-05-18,Monday,May,2026
389,Rahul Mishra,2026-05-19,Tuesday,May,2026
394,Rahul Mishra,2026-05-22,Friday,May,2026
397,Rahul Mishra,2026-05-23,Saturday,May,2026
382,Rahul Mishra,2026-05-24,Sunday,May,2026
383,Rahul Mishra,2026-05-27,Wednesday,May,2026
395,Rahul Mishra,2026-05-28,Thursday,May,2026
385,Rahul Mishra,2026-05-30,Saturday,May,2026
388,Rahul Mishra,2026-06-01,Monday,June,2026
396,Rahul Mishra,2026-06-02,Tuesday,June,2026
400,Anjali Joshi,2026-05-05,Tuesday,May,2026
401,Anjali Joshi,2026-05-06,Wednesday,May,2026
399,Anjali Joshi,2026-05-09,Saturday,May,2026
404,Anjali Joshi,2026-05-11,Monday,May,2026
402,Anjali Joshi,2026-05-16,Saturday,May,2026
407,Anjali Joshi,2026-05-19,Tuesday,May,2026
405,Anjali Joshi,2026-05-23,Saturday,May,2026
406,Anjali Joshi,2026-05-29,Friday,May,2026
398,Anjali Joshi,2026-05-31,Sunday,May,2026
403,Anjali Joshi,2026-06-01,Monday,June,2026
413,Deepak Tiwari,2026-05-05,Tuesday,May,2026
415,Deepak Tiwari,2026-05-13,Wednesday,May,2026
410,Deepak Tiwari,2026-05-18,Monday,May,2026
408,Deepak Tiwari,2026-05-19,Tuesday,May,2026
414,Deepak Tiwari,2026-05-22,Friday,May,2026
411,Deepak Tiwari,2026-05-29,Friday,May,2026
409,Deepak Tiwari,2026-06-01,Monday,June,2026
412,Deepak Tiwari,2026-06-02,Tuesday,June,2026
430,Sunita Patel,2026-05-06,Wednesday,May,2026
425,Sunita Patel,2026-05-11,Monday,May,2026
420,Sunita Patel,2026-05-12,Tuesday,May,2026
428,Sunita Patel,2026-05-14,Thursday,May,2026
427,Sunita Patel,2026-05-15,Friday,May,2026
417,Sunita Patel,2026-05-17,Sunday,May,2026
421,Sunita Patel,2026-05-19,Tuesday,May,2026
419,Sunita Patel,2026-05-21,Thursday,May,2026
429,Sunita Patel,2026-05-22,Friday,May,2026
416,Sunita Patel,2026-05-24,Sunday,May,2026
423,Sunita Patel,2026-05-26,Tuesday,May,2026
422,Sunita Patel,2026-05-28,Thursday,May,2026
424,Sunita Patel,2026-05-30,Saturday,May,2026
426,Sunita Patel,2026-05-31,Sunday,May,2026
418,Sunita Patel,2026-06-02,Tuesday,June,2026
439,Manish Dubey,2026-05-05,Tuesday,May,2026
447,Manish Dubey,2026-05-06,Wednesday,May,2026
433,Manish Dubey,2026-05-07,Thursday,May,2026
449,Manish Dubey,2026-05-10,Sunday,May,2026
434,Manish Dubey,2026-05-12,Tuesday,May,2026
442,Manish Dubey,2026-05-14,Thursday,May,2026
448,Manish Dubey,2026-05-15,Friday,May,2026
436,Manish Dubey,2026-05-16,Saturday,May,2026
435,Manish Dubey,2026-05-17,Sunday,May,2026
440,Manish Dubey,2026-05-18,Monday,May,2026
443,Manish Dubey,2026-05-19,Tuesday,May,2026
437,Manish Dubey,2026-05-20,Wednesday,May,2026
445,Manish Dubey,2026-05-21,Thursday,May,2026
441,Manish Dubey,2026-05-25,Monday,May,2026
431,Manish Dubey,2026-05-26,Tuesday,May,2026
446,Manish Dubey,2026-05-29,Friday,May,2026
444,Manish Dubey,2026-05-30,Saturday,May,2026
438,Manish Dubey,2026-06-01,Monday,June,2026
432,Manish Dubey,2026-06-02,Tuesday,June,2026
457,Kavita Singh,2026-05-09,Saturday,May,2026
451,Kavita Singh,2026-05-12,Tuesday,May,2026
453,Kavita Singh,2026-05-17,Sunday,May,2026
450,Kavita Singh,2026-05-18,Monday,May,2026
454,Kavita Singh,2026-05-21,Thursday,May,2026
456,Kavita Singh,2026-05-22,Friday,May,2026
455,Kavita Singh,2026-05-26,Tuesday,May,2026
452,Kavita Singh,2026-06-01,Monday,June,2026
460,Rajesh Pandey,2026-05-10,Sunday,May,2026
458,Rajesh Pandey,2026-05-13,Wednesday,May,2026
461,Rajesh Pandey,2026-05-23,Saturday,May,2026
462,Rajesh Pandey,2026-05-26,Tuesday,May,2026
463,Rajesh Pandey,2026-05-27,Wednesday,May,2026
464,Rajesh Pandey,2026-05-29,Friday,May,2026
459,Rajesh Pandey,2026-06-02,Tuesday,June,2026
468,Suman Rai,2026-05-05,Tuesday,May,2026
467,Suman Rai,2026-05-07,Thursday,May,2026
471,Suman Rai,2026-05-14,Thursday,May,2026
470,Suman Rai,2026-05-15,Friday,May,2026
473,Suman Rai,2026-05-17,Sunday,May,2026
469,Suman Rai,2026-05-23,Saturday,May,2026
466,Suman Rai,2026-05-29,Friday,May,2026
472,Suman Rai,2026-05-31,Sunday,May,2026
465,Suman Rai,2026-06-02,Tuesday,June,2026
481,Arun Saxena,2026-05-05,Tuesday,May,2026
485,Arun Saxena,2026-05-11,Monday,May,2026
488,Arun Saxena,2026-05-13,Wednesday,May,2026
483,Arun Saxena,2026-05-14,Thursday,May,2026
478,Arun Saxena,2026-05-16,Saturday,May,2026
474,Arun Saxena,2026-05-17,Sunday,May,2026
479,Arun Saxena,2026-05-18,Monday,May,2026
484,Arun Saxena,2026-05-21,Thursday,May,2026
476,Arun Saxena,2026-05-22,Friday,May,2026
486,Arun Saxena,2026-05-25,Monday,May,2026
477,Arun Saxena,2026-05-27,Wednesday,May,2026
475,Arun Saxena,2026-05-28,Thursday,May,2026
487,Arun Saxena,2026-05-29,Friday,May,2026
480,Arun Saxena,2026-05-31,Sunday,May,2026
482,Arun Saxena,2026-06-02,Tuesday,June,2026
489,Meena Chauhan,2026-05-05,Tuesday,May,2026
496,Meena Chauhan,2026-05-07,Thursday,May,2026
491,Meena Chauhan,2026-05-11,Monday,May,2026
497,Meena Chauhan,2026-05-13,Wednesday,May,2026
492,Meena Chauhan,2026-05-20,Wednesday,May,2026
495,Meena Chauhan,2026-05-23,Saturday,May,2026
493,Meena Chauhan,2026-05-26,Tuesday,May,2026
494,Meena Chauhan,2026-05-29,Friday,May,2026
490,Meena Chauhan,2026-06-02,Tuesday,June,2026
500,Suresh Lodhi,2026-05-10,Sunday,May,2026
504,Suresh Lodhi,2026-05-13,Wednesday,May,2026
503,Suresh Lodhi,2026-05-18,Monday,May,2026
505,Suresh Lodhi,2026-05-22,Friday,May,2026
498,Suresh Lodhi,2026-05-23,Saturday,May,2026
501,Suresh Lodhi,2026-05-24,Sunday,May,2026
499,Suresh Lodhi,2026-05-29,Friday,May,2026
502,Suresh Lodhi,2026-05-30,Saturday,May,2026
515,Rekha Bhatt,2026-05-06,Wednesday,May,2026
511,Rekha Bhatt,2026-05-07,Thursday,May,2026
514,Rekha Bhatt,2026-05-10,Sunday,May,2026
509,Rekha Bhatt,2026-05-13,Wednesday,May,2026
513,Rekha Bhatt,2026-05-15,Friday,May,2026
506,Rekha Bhatt,2026-05-16,Saturday,May,2026
517,Rekha Bhatt,2026-05-18,Monday,May,2026
512,Rekha Bhatt,2026-05-19,Tuesday,May,2026
507,Rekha Bhatt,2026-05-21,Thursday,May,2026
516,Rekha Bhatt,2026-05-24,Sunday,May,2026
510,Rekha Bhatt,2026-05-29,Friday,May,2026
508,Rekha Bhatt,2026-05-31,Sunday,May,2026
527,Vinod Jain,2026-05-07,Thursday,May,2026
521,Vinod Jain,2026-05-11,Monday,May,2026
528,Vinod Jain,2026-05-13,Wednesday,May,2026
520,Vinod Jain,2026-05-15,Friday,May,2026
522,Vinod Jain,2026-05-22,Friday,May,2026
519,Vinod Jain,2026-05-23,Saturday,May,2026
525,Vinod Jain,2026-05-25,Monday,May,2026
524,Vinod Jain,2026-05-26,Tuesday,May,2026
523,Vinod Jain,2026-05-29,Friday,May,2026
518,Vinod Jain,2026-06-01,Monday,June,2026
526,Vinod Jain,2026-06-02,Tuesday,June,2026
541,Seema Tomar,2026-05-05,Tuesday,May,2026
538,Seema Tomar,2026-05-07,Thursday,May,2026
530,Seema Tomar,2026-05-08,Friday,May,2026
531,Seema Tomar,2026-05-09,Saturday,May,2026
529,Seema Tomar,2026-05-10,Sunday,May,2026
532,Seema Tomar,2026-05-12,Tuesday,May,2026
542,Seema Tomar,2026-05-13,Wednesday,May,2026
533,Seema Tomar,2026-05-14,Thursday,May,2026
543,Seema Tomar,2026-05-18,Monday,May,2026
544,Seema Tomar,2026-05-20,Wednesday,May,2026
536,Seema Tomar,2026-05-22,Friday,May,2026
537,Seema Tomar,2026-05-25,Monday,May,2026
534,Seema Tomar,2026-05-30,Saturday,May,2026
535,Seema Tomar,2026-05-31,Sunday,May,2026
539,Seema Tomar,2026-06-01,Monday,June,2026
540,Seema Tomar,2026-06-02,Tuesday,June,2026
546,Naveen Garg,2026-05-04,Monday,May,2026
547,Naveen Garg,2026-05-10,Sunday,May,2026
548,Naveen Garg,2026-05-13,Wednesday,May,2026
550,Naveen Garg,2026-05-14,Thursday,May,2026
551,Naveen Garg,2026-05-17,Sunday,May,2026
545,Naveen Garg,2026-05-22,Friday,May,2026
549,Naveen Garg,2026-05-30,Saturday,May,2026
558,Geeta Chaudhary,2026-05-08,Friday,May,2026
559,Geeta Chaudhary,2026-05-09,Saturday,May,2026
553,Geeta Chaudhary,2026-05-11,Monday,May,2026
555,Geeta Chaudhary,2026-05-12,Tuesday,May,2026
554,Geeta Chaudhary,2026-05-13,Wednesday,May,2026
557,Geeta Chaudhary,2026-05-19,Tuesday,May,2026
556,Geeta Chaudhary,2026-05-20,Wednesday,May,2026
552,Geeta Chaudhary,2026-05-21,Thursday,May,2026
562,Geeta Chaudhary,2026-05-26,Tuesday,May,2026
563,Geeta Chaudhary,2026-05-29,Friday,May,2026
560,Geeta Chaudhary,2026-05-31,Sunday,May,2026
561,Geeta Chaudhary,2026-06-02,Tuesday,June,2026
570,Pankaj Arora,2026-05-07,Thursday,May,2026
568,Pankaj Arora,2026-05-10,Sunday,May,2026
577,Pankaj Arora,2026-05-11,Monday,May,2026
569,Pankaj Arora,2026-05-12,Tuesday,May,2026
567,Pankaj Arora,2026-05-14,Thursday,May,2026
576,Pankaj Arora,2026-05-15,Friday,May,2026
572,Pankaj Arora,2026-05-16,Saturday,May,2026
574,Pankaj Arora,2026-05-17,Sunday,May,2026
571,Pankaj Arora,2026-05-18,Monday,May,2026
578,Pankaj Arora,2026-05-19,Tuesday,May,2026
573,Pankaj Arora,2026-05-20,Wednesday,May,2026
566,Pankaj Arora,2026-05-22,Friday,May,2026
565,Pankaj Arora,2026-05-23,Saturday,May,2026
579,Pankaj Arora,2026-05-26,Tuesday,May,2026
564,Pankaj Arora,2026-05-28,Thursday,May,2026
580,Pankaj Arora,2026-05-31,Sunday,May,2026
575,Pankaj Arora,2026-06-01,Monday,June,2026
593,Ritu Bajaj,2026-05-04,Monday,May,2026
594,Ritu Bajaj,2026-05-05,Tuesday,May,2026
589,Ritu Bajaj,2026-05-07,Thursday,May,2026
583,Ritu Bajaj,2026-05-08,Friday,May,2026
584,Ritu Bajaj,2026-05-09,Saturday,May,2026
585,Ritu Bajaj,2026-05-10,Sunday,May,2026
581,Ritu Bajaj,2026-05-12,Tuesday,May,2026
588,Ritu Bajaj,2026-05-13,Wednesday,May,2026
582,Ritu Bajaj,2026-05-15,Friday,May,2026
590,Ritu Bajaj,2026-05-16,Saturday,May,2026
592,Ritu Bajaj,2026-05-21,Thursday,May,2026
596,Ritu Bajaj,2026-05-24,Sunday,May,2026
591,Ritu Bajaj,2026-05-27,Wednesday,May,2026
587,Ritu Bajaj,2026-05-30,Saturday,May,2026
586,Ritu Bajaj,2026-05-31,Sunday,May,2026
595,Ritu Bajaj,2026-06-02,Tuesday,June,2026
609,Ashok Kapoor,2026-05-05,Tuesday,May,2026
602,Ashok Kapoor,2026-05-07,Thursday,May,2026
601,Ashok Kapoor,2026-05-08,Friday,May,2026
612,Ashok Kapoor,2026-05-09,Saturday,May,2026
603,Ashok Kapoor,2026-05-10,Sunday,May,2026
608,Ashok Kapoor,2026-05-12,Tuesday,May,2026
600,Ashok Kapoor,2026-05-17,Sunday,May,2026
604,Ashok Kapoor,2026-05-20,Wednesday,May,2026
598,Ashok Kapoor,2026-05-23,Saturday,May,2026
607,Ashok Kapoor,2026-05-24,Sunday,May,2026
605,Ashok Kapoor,2026-05-25,Monday,May,2026
606,Ashok Kapoor,2026-05-26,Tuesday,May,2026
599,Ashok Kapoor,2026-05-27,Wednesday,May,2026
610,Ashok Kapoor,2026-05-30,Saturday,May,2026
597,Ashok Kapoor,2026-05-31,Sunday,May,2026
611,Ashok Kapoor,2026-06-02,Tuesday,June,2026
